순위,제목,가수,앨범명,좋아요,랭크변화,이미지URL
1,퇴사할게여 (Narr. 기안84),소연 (SOYEON),끝내주는 인생,"39,518",-,https://cdnimg.melon.co.kr/cm2/album/images/144/70/302/14470302_20260907113632_500.jpg/melon/resize/120/quality/80/optimize
2,LOVE ATTACK,RESCENE (리센느),SCENEDROME,"153,146",-,https://cdnimg.melon.co.kr/cm2/album/images/115/75/849/11575849_20240826152240_500.jpg/melon/resize/120/quality/80/optimize
3,갑자기,아이오아이 (I.O.I),I.O.I 3rd MINI ALBUM [I.O.I : LOOP],"80,176",-,https://cdnimg.melon.co.kr/cm2/album/images/133/99/673/13399673_20260518151131_500.jpg/melon/resize/120/quality/80/optimize
4,Deja Vu,RESCENE (리센느),Dearest,"58,937",-,https://cdnimg.melon.co.kr/cm2/album/images/118/75/116/11875116_20250701165641_500.jpg/melon/resize/120/quality/80/optimize
5,Pretty Girl,RESCENE (리센느),Pretty Girl - Special Single,"66,159",-,https://cdnimg.melon.co.kr/cm2/album/images/137/88/545/13788545_20260707111659_500.jpg/melon/resize/120/quality/80/optimize
6,REDRED,CORTIS (코르티스),GREENGREEN,"91,127",-,https://cdnimg.melon.co.kr/cm2/album/images/133/38/387/13338387_20260504133459_500.jpg/melon/resize/120/quality/80/optimize
7,BAD,ATEEZ(에이티즈),GOLDEN HOUR : Part.5,"33,782",↑ 1,https://cdnimg.melon.co.kr/cm2/album/images/137/52/815/13752815_20260622141535_500.jpg/melon/resize/120/quality/80/optimize
8,만찬가,태연 (TAEYEON),J-POP REMAKE Vol.1,"49,657",↓ 1,https://cdnimg.melon.co.kr/cm2/album/images/137/65/551/13765551_20260626112146_500.jpg/melon/resize/120/quality/80/optimize
9,BiiiG,BIGBANG (빅뱅),BiiiG,"56,957",-,https://cdnimg.melon.co.kr/cm2/album/images/144/63/127/14463127_20260819092848_500.jpg/melon/resize/120/quality/80/optimize
10,LEMONADE,aespa,LEMONADE - The 2nd Album,"59,590",-,https://cdnimg.melon.co.kr/cm2/album/images/133/84/085/13384085_20260528181046_500.jpg/melon/resize/120/quality/80/optimize
11,Drowning,WOODZ,OO-LI,"309,372",-,https://cdnimg.melon.co.kr/cm2/album/images/111/83/506/11183506_20230426141236_500.jpg/melon/resize/120/quality/80/optimize
12,It′s Me,아일릿(ILLIT),MAMIHLAPINATAPAI,"59,752",-,https://cdnimg.melon.co.kr/cm2/album/images/133/62/401/13362401_20260430094059_500.jpg/melon/resize/120/quality/80/optimize
13,이 별로부터,아이유,이 별로부터,"31,645",-,https://cdnimg.melon.co.kr/cm2/album/images/145/35/765/14535765_20260909154035_500.jpg/melon/resize/120/quality/80/optimize
14,Good Goodbye,화사 (HWASA),Good Goodbye,"125,781",↑ 1,https://cdnimg.melon.co.kr/cm2/album/images/121/60/000/12160000_20251014164646_500.jpg/melon/resize/120/quality/80/optimize
15,Dear my crazy soulmate,아이유,이 별로부터,"28,192",↓ 1,https://cdnimg.melon.co.kr/cm2/album/images/145/35/765/14535765_20260909154035_500.jpg/melon/resize/120/quality/80/optimize
16,사랑하게 될 거야,한로로,이상비행,"149,812",-,https://cdnimg.melon.co.kr/cm2/album/images/113/12/872/11312872_20230823162414_500.jpg/melon/resize/120/quality/80/optimize
17,노스탈지아,BIG Naughty (서동현),노스탈지아,"32,576",-,https://cdnimg.melon.co.kr/cm2/album/images/144/94/275/14494275_20260828144050_500.jpg/melon/resize/120/quality/80/optimize
18,RUDE!,Hearts2Hearts (하츠투하츠),RUDE!,"75,754",-,https://cdnimg.melon.co.kr/cm2/album/images/128/69/629/12869629_20260219143819_500.jpg/melon/resize/120/quality/80/optimize
19,캐치 캐치,YENA (최예나),LOVE CATCHER,"52,062",-,https://cdnimg.melon.co.kr/cm2/album/images/129/08/035/12908035_20260309142026_500.jpg/melon/resize/120/quality/80/optimize
20,"어떻게 이별까지 사랑하겠어, 널 사랑하는 거지",AKMU (악뮤),항해,"496,825",-,https://cdnimg.melon.co.kr/cm2/album/images/103/31/947/10331947_500.jpg/melon/resize/120/quality/80/optimize
21,생각을 멈추다 보면,최유리,생각을 멈추다 보면,"50,901",↑ 3,https://cdnimg.melon.co.kr/cm2/album/images/113/69/106/11369106_20231120180538_500.jpg/melon/resize/120/quality/80/optimize
22,0+0,한로로,자몽살구클럽,"125,732",↑ 1,https://cdnimg.melon.co.kr/cm2/album/images/119/82/233/11982233_20250801150859_500.jpg/melon/resize/120/quality/80/optimize
23,Popcorn,도경수(D.O.),성장 - THE 3RD MINI ALBUM,"94,931",↓ 1,https://cdnimg.melon.co.kr/cm2/album/images/114/77/689/11477689_20240507151429_500.jpg/melon/resize/120/quality/80/optimize
24,사랑은 늘 도망가,임영웅,신사와 아가씨 OST Part.2,"241,229",↓ 3,https://cdnimg.melon.co.kr/cm2/album/images/107/35/654/10735654_20211008114339_500.jpg/melon/resize/120/quality/80/optimize
25,Skibidi,소녀시대-효리수 (Girls' Generation-HRS),Skibidi,"17,107",-,https://cdnimg.melon.co.kr/cm2/album/images/144/94/370/14494370_20260828152343_500.jpg/melon/resize/120/quality/80/optimize
26,타임캡슐,다비치,타임캡슐,"79,517",-,https://cdnimg.melon.co.kr/cm2/album/images/121/63/032/12163032_20251015164500_500.jpg/melon/resize/120/quality/80/optimize
27,여름아 부탁해,볼빨간사춘기,여름아 부탁해,"29,209",-,https://cdnimg.melon.co.kr/cm2/album/images/138/23/274/13823274_20260721152311_500.jpg/melon/resize/120/quality/80/optimize
28,너의 모든 순간,성시경,별에서 온 그대 OST Part.7,"326,961",↑ 1,https://cdnimg.melon.co.kr/cm/album/images/022/32/505/2232505_500.jpg/melon/resize/120/quality/80/optimize
29,"기쁨, 슬픔, 아름다운 마음",AKMU (악뮤),개화,"93,567",↓ 1,https://cdnimg.melon.co.kr/cm2/album/images/133/12/398/13312398_20260406142544_500.jpg/melon/resize/120/quality/80/optimize
30,꿈꾸던 어른이 되었나요?,머무르,꿈꾸던 어른이 되었나요?,"20,019",-,https://cdnimg.melon.co.kr/cm2/album/images/137/44/621/13744621_20260617115134_500.jpg/melon/resize/120/quality/80/optimize
31,Pop Off Pop Off,KiiiKiii (키키),WhyKiiiKiii,"23,135",-,https://cdnimg.melon.co.kr/cm2/album/images/144/29/080/14429080_20260806154450_500.jpg/melon/resize/120/quality/80/optimize
32,Lemon Tang,Hearts2Hearts (하츠투하츠),Lemon Tang - The 2nd Mini Album,"34,196",↑ 1,https://cdnimg.melon.co.kr/cm2/album/images/137/50/428/13750428_20260619162731_500.jpg/melon/resize/120/quality/80/optimize
33,"HOME SWEET HOME (feat. 태양, 대성)",G-DRAGON,"HOME SWEET HOME (feat. 태양, 대성)","234,016",↓ 1,https://cdnimg.melon.co.kr/cm2/album/images/116/47/670/11647670_20241121150855_500.jpg/melon/resize/120/quality/80/optimize
34,소문의 낙원,AKMU (악뮤),개화,"90,833",-,https://cdnimg.melon.co.kr/cm2/album/images/133/12/398/13312398_20260406142544_500.jpg/melon/resize/120/quality/80/optimize
35,어제보다 슬픈 오늘,우디 (Woody),어제보다 슬픈 오늘,"91,176",-,https://cdnimg.melon.co.kr/cm2/album/images/117/56/010/11756010_20250331135525_500.jpg/melon/resize/120/quality/80/optimize
36,내게 사랑이 뭐냐고 물어본다면,로이킴,내게 사랑이 뭐냐고 물어본다면,"102,975",-,https://cdnimg.melon.co.kr/cm2/album/images/116/16/312/11616312_20241015135802_500.jpg/melon/resize/120/quality/80/optimize
37,Blue Valentine,NMIXX,Blue Valentine,"121,638",↑ 1,https://cdnimg.melon.co.kr/cm2/album/images/121/49/391/12149391_20251013150421_500.jpg/melon/resize/120/quality/80/optimize
38,404 (New Era),KiiiKiii (키키),Delulu Pack,"73,285",↓ 1,https://cdnimg.melon.co.kr/cm2/album/images/128/06/237/12806237_20260126145002_500.jpg/melon/resize/120/quality/80/optimize
39,천상연,이창섭,천상연 (웹툰 '선녀외전' X 이창섭 (LEE CHANGSUB)),"150,899",-,https://cdnimg.melon.co.kr/cm2/album/images/114/21/941/11421941_20240220105008_500.jpg/melon/resize/120/quality/80/optimize
40,toxic till the end,로제 (ROSÉ),rosie,"162,242",↑ 4,https://cdnimg.melon.co.kr/cm2/album/images/116/59/696/11659696_20241205141243_500.jpg/melon/resize/120/quality/80/optimize
41,우리들의 블루스,임영웅,IM HERO,"128,617",↑ 4,https://cdnimg.melon.co.kr/cm2/album/images/109/23/444/10923444_20220502140600_500.jpg/melon/resize/120/quality/80/optimize
42,또또,임영웅,IM HERO 10,"30,591",↓ 2,https://cdnimg.melon.co.kr/cm2/album/images/144/98/154/14498154_20260910102107_500.jpg/melon/resize/120/quality/80/optimize
43,한 페이지가 될 수 있게,DAY6 (데이식스),The Book of Us : Gravity,"371,541",↑ 7,https://cdnimg.melon.co.kr/cm/album/images/103/07/346/10307346_500.jpg/melon/resize/120/quality/80/optimize
44,그대만 있다면 (여름날 우리 X 너드커넥션 (Nerd Connection)),너드커넥션 (Nerd Connection),그대만 있다면 (여름날 우리 X 너드커넥션 (Nerd Connection)),"179,560",↓ 3,https://cdnimg.melon.co.kr/cm2/album/images/113/05/759/11305759_20230814111006_500.jpg/melon/resize/120/quality/80/optimize
45,BANG BANG,IVE (아이브),REVIVE+,"69,092",↓ 3,https://cdnimg.melon.co.kr/cm2/album/images/128/45/274/12845274_20260223113048_500.jpg/melon/resize/120/quality/80/optimize
46,봄 내음보다 너를,김나영,봄 내음보다 너를,"142,891",↑ 3,https://cdnimg.melon.co.kr/cm2/album/images/105/92/109/10592109_20210413181735_500.jpg/melon/resize/120/quality/80/optimize
47,멸종위기사랑,이찬혁,EROS,"106,837",-,https://cdnimg.melon.co.kr/cm2/album/images/118/91/198/11891198_20250714145747_500.jpg/melon/resize/120/quality/80/optimize
48,"모든 날, 모든 순간 (Every day, Every Moment)",폴킴,'키스 먼저 할까요?' OST Part.3,"433,471",↓ 2,https://cdnimg.melon.co.kr/cm/album/images/101/49/492/10149492_500.jpg/melon/resize/120/quality/80/optimize
49,너에게 닿기를,10CM,너에게 닿기를,"156,503",↑ 2,https://cdnimg.melon.co.kr/cm2/album/images/117/30/411/11730411_20250306095101_500.jpg/melon/resize/120/quality/80/optimize
50,Runaway,RESCENE (리센느),Runaway,"35,675",↓ 7,https://cdnimg.melon.co.kr/cm2/album/images/133/12/413/13312413_20260406143448_500.jpg/melon/resize/120/quality/80/optimize
51,오늘만 I LOVE YOU,BOYNEXTDOOR,오늘만 I LOVE YOU,"190,830",↓ 3,https://cdnimg.melon.co.kr/cm2/album/images/116/85/070/11685070_20250106111631_500.jpg/melon/resize/120/quality/80/optimize
52,모르시나요(PROD.로코베리),조째즈,모르시나요,"111,091",↑ 1,https://cdnimg.melon.co.kr/cm2/album/images/116/85/729/11685729_20250106160640_500.jpg/melon/resize/120/quality/80/optimize
53,주저하는 연인들을 위해,잔나비,전설,"454,337",↑ 2,https://cdnimg.melon.co.kr/cm/album/images/102/60/858/10260858_500.jpg/melon/resize/120/quality/80/optimize
54,순간을 영원처럼,임영웅,IM HERO 2,"53,766",↓ 2,https://cdnimg.melon.co.kr/cm2/album/images/120/83/192/12083192_20250828155052_500.jpg/melon/resize/120/quality/80/optimize
55,소나기,이클립스 (ECLIPSE),선재 업고 튀어 OST Part 1,"201,703",↓ 1,https://cdnimg.melon.co.kr/cm2/album/images/114/59/325/11459325_20240405171054_500.jpg/melon/resize/120/quality/80/optimize
56,뛰어(JUMP),BLACKPINK,뛰어(JUMP),"100,212",-,https://cdnimg.melon.co.kr/cm2/album/images/118/90/480/11890480_20250711095238_500.jpg/melon/resize/120/quality/80/optimize
57,Whiplash,aespa,Whiplash - The 5th Mini Album,"156,411",↑ 1,https://cdnimg.melon.co.kr/cm2/album/images/116/20/540/11620540_20241018183208_500.jpg/melon/resize/120/quality/80/optimize
58,HAPPY,DAY6 (데이식스),Fourever,"218,914",↑ 3,https://cdnimg.melon.co.kr/cm2/album/images/114/44/397/11444397_20240318115810_500.jpg/melon/resize/120/quality/80/optimize
59,Guitarist,도경수(D.O.),DOPAMINE - The 4th Mini Album,"16,088",↓ 2,https://cdnimg.melon.co.kr/cm2/album/images/145/26/395/14526395_20260907104149_500.jpg/melon/resize/120/quality/80/optimize
60,청춘만화,이무진,만화 (滿花),"107,814",-,https://cdnimg.melon.co.kr/cm2/album/images/116/08/521/11608521_20241004161722_500.jpg/melon/resize/120/quality/80/optimize
61,Heavy Serenade,NMIXX,Heavy Serenade,"56,250",↑ 1,https://cdnimg.melon.co.kr/cm2/album/images/133/57/541/13357541_20260511133217_500.jpg/melon/resize/120/quality/80/optimize
62,Seven (feat. Latto) - Clean Ver.,정국,Seven (feat. Latto) - Clean Ver.,"233,900",↑ 1,https://cdnimg.melon.co.kr/cm2/album/images/112/86/070/11286070_20230713181059_500.jpg/melon/resize/120/quality/80/optimize
63,이 밤을 빌려 말해요,PLAVE,"이 밤을 빌려 말해요 (오늘 밤, 세계에서 이 사랑이 사라진다 해도 X PLAVE)","34,825",↑ 4,https://cdnimg.melon.co.kr/cm2/album/images/124/58/320/12458320_20251226151630_500.jpg/melon/resize/120/quality/80/optimize
64,SWIM,방탄소년단,ARIRANG,"64,572",-,https://cdnimg.melon.co.kr/cm2/album/images/129/27/820/12927820_20260320091310_500.jpg/melon/resize/120/quality/80/optimize
65,예뻤어,DAY6 (데이식스),Every DAY6 February,"381,753",-,https://cdnimg.melon.co.kr/cm/album/images/100/36/099/10036099_500.jpg/melon/resize/120/quality/80/optimize
66,부디 행복해질 것,임영웅,IM HERO 10,"27,076",↓ 7,https://cdnimg.melon.co.kr/cm2/album/images/144/98/154/14498154_20260910102107_500.jpg/melon/resize/120/quality/80/optimize
67,헤어지자 말해요,박재정,1집 Alone,"196,438",↑ 4,https://cdnimg.melon.co.kr/cm2/album/images/112/27/533/11227533_20230419162238_500.jpg/melon/resize/120/quality/80/optimize
68,Golden,HUNTR/X,KPop Demon Hunters (Soundtrack from the Netflix Film),"193,575",↓ 2,https://cdnimg.melon.co.kr/cm2/album/images/118/59/863/11859863_20250620104512_500.jpg/melon/resize/120/quality/80/optimize
69,Love wins all,아이유,The Winning,"226,757",↑ 4,https://cdnimg.melon.co.kr/cm2/album/images/114/04/142/11404142_20240220141548_500.jpg/melon/resize/120/quality/80/optimize
70,나는 반딧불,황가람,나는 반딧불,"160,831",↑ 8,https://cdnimg.melon.co.kr/cm2/album/images/116/20/541/11620541_20241018183253_500.jpg/melon/resize/120/quality/80/optimize
71,like JENNIE,제니 (JENNIE),Ruby,"113,641",↓ 1,https://cdnimg.melon.co.kr/cm2/album/images/117/30/946/11730946_20250307173452_500.jpg/melon/resize/120/quality/80/optimize
72,Dynamite,방탄소년단,Dynamite (DayTime Version),"460,581",↑ 2,https://cdnimg.melon.co.kr/cm2/album/images/104/79/150/10479150_20200918102847_500.jpg/melon/resize/120/quality/80/optimize
73,그대 작은 나의 세상이 되어,카더가든,부재,"88,934",↓ 5,https://cdnimg.melon.co.kr/cm2/album/images/105/54/647/10554647_20210127173809_500.jpg/melon/resize/120/quality/80/optimize
74,첫 만남은 계획대로 되지 않아,TWS (투어스),Sparkling Blue,"177,374",↑ 8,https://cdnimg.melon.co.kr/cm2/album/images/113/91/902/11391902_20250922111638_500.jpg/melon/resize/120/quality/80/optimize
75,APT.,로제 (ROSÉ),APT.,"222,608",↑ 9,https://cdnimg.melon.co.kr/cm2/album/images/116/19/809/11619809_20241018103507_500.jpg/melon/resize/120/quality/80/optimize
76,사랑인가 봐,멜로망스,사랑인가 봐 (사내맞선 OST 스페셜 트랙),"240,131",↑ 4,https://cdnimg.melon.co.kr/cm2/album/images/108/71/162/10871162_20220217162422_500.jpg/melon/resize/120/quality/80/optimize
77,Die With A Smile,Lady Gaga,Die With A Smile,"142,470",↓ 1,https://cdnimg.melon.co.kr/cm2/album/images/115/68/901/11568901_20240816130602_500.jpg/melon/resize/120/quality/80/optimize
78,Welcome to the Show,DAY6 (데이식스),Fourever,"203,300",↑ 1,https://cdnimg.melon.co.kr/cm2/album/images/114/44/397/11444397_20240318115810_500.jpg/melon/resize/120/quality/80/optimize
79,청혼하지 않을 이유를 못 찾았어,이무진,청혼하지 않을 이유를 못 찾았어,"77,966",↑ 7,https://cdnimg.melon.co.kr/cm2/album/images/114/55/285/11455285_20240401151801_500.jpg/melon/resize/120/quality/80/optimize
80,입춘,한로로,입춘,"85,134",↓ 5,https://cdnimg.melon.co.kr/cm2/album/images/108/90/163/10890163_20220311160155_500.jpg/melon/resize/120/quality/80/optimize
81,봄날,방탄소년단,YOU NEVER WALK ALONE,"501,266",-,https://cdnimg.melon.co.kr/cm/album/images/100/37/969/10037969_500.jpg/melon/resize/120/quality/80/optimize
82,Hype Boy,NewJeans,NewJeans 1st EP 'New Jeans',"318,222",↑ 6,https://cdnimg.melon.co.kr/cm2/album/images/110/11/565/11011565_20220801102637_500.jpg/melon/resize/120/quality/80/optimize
83,Baila,임영웅,IM HERO 10,"25,839",↓ 14,https://cdnimg.melon.co.kr/cm2/album/images/144/98/154/14498154_20260910102107_500.jpg/melon/resize/120/quality/80/optimize
84,다정히 내 이름을 부르면,경서예지,다정히 내 이름을 부르면 (경서예지 x 전건호),"225,994",↑ 3,https://cdnimg.melon.co.kr/cm2/album/images/106/10/525/10610525_20210518143433_500.jpg/melon/resize/120/quality/80/optimize
85,STYLE,Hearts2Hearts (하츠투하츠),STYLE,"66,842",↑ 5,https://cdnimg.melon.co.kr/cm2/album/images/118/58/555/11858555_20250618105530_500.jpg/melon/resize/120/quality/80/optimize
86,Love Love Love (Feat. Yoong Jin Of Casker),에픽하이 (EPIK HIGH),Remapping The Human Soul,"129,855",↑ 7,https://cdnimg.melon.co.kr/cm/album/images/003/42/967/342967_500.jpg/melon/resize/120/quality/80/optimize
87,Vitamin ME,프로미스나인,Glow ME,"20,259",↓ 2,https://cdnimg.melon.co.kr/cm2/album/images/138/16/948/13816948_20260720140607_500.jpg/melon/resize/120/quality/80/optimize
88,Magnetic,아일릿(ILLIT),SUPER REAL ME,"149,307",↑ 3,https://cdnimg.melon.co.kr/cm2/album/images/114/50/069/11450069_20240325110702_500.jpg/melon/resize/120/quality/80/optimize
89,살아온 우리에게,임영웅,IM HERO 10,"24,792",↓ 12,https://cdnimg.melon.co.kr/cm2/album/images/144/98/154/14498154_20260910102107_500.jpg/melon/resize/120/quality/80/optimize
90,미워요 RE,임영웅,IM HERO 10,"24,348",↓ 7,https://cdnimg.melon.co.kr/cm2/album/images/144/98/154/14498154_20260910102107_500.jpg/melon/resize/120/quality/80/optimize
91,모이세,임영웅,IM HERO 10,"26,643",↓ 19,https://cdnimg.melon.co.kr/cm2/album/images/144/98/154/14498154_20260910102107_500.jpg/melon/resize/120/quality/80/optimize
92,Less than a Lover,제니 (JENNIE),Less than a Lover,"27,099",↑ 4,https://cdnimg.melon.co.kr/cm2/album/images/139/67/276/13967276_20260723112744_500.jpg/melon/resize/120/quality/80/optimize
93,모래 알갱이 RE,임영웅,IM HERO 10,"23,981",↓ 4,https://cdnimg.melon.co.kr/cm2/album/images/144/98/154/14498154_20260910102107_500.jpg/melon/resize/120/quality/80/optimize
94,사랑은 늘 도망가 RE,임영웅,IM HERO 10,"23,785",-,https://cdnimg.melon.co.kr/cm2/album/images/144/98/154/14498154_20260910102107_500.jpg/melon/resize/120/quality/80/optimize
95,A Bientot RE,임영웅,IM HERO 10,"23,764",-,https://cdnimg.melon.co.kr/cm2/album/images/144/98/154/14498154_20260910102107_500.jpg/melon/resize/120/quality/80/optimize
96,New York,임영웅,IM HERO 10,"24,268",↑ 1,https://cdnimg.melon.co.kr/cm2/album/images/144/98/154/14498154_20260910102107_500.jpg/melon/resize/120/quality/80/optimize
97,사랑은 봄비처럼...이별은 겨울비처럼...,임현정,All That Love,"76,461",↑ 2,https://cdnimg.melon.co.kr/cm/album/images/003/14/795/314795_500.jpg/melon/resize/120/quality/80/optimize
98,그댈 위한 멜로디,임영웅,IM HERO 2,"42,734",-,https://cdnimg.melon.co.kr/cm2/album/images/120/83/192/12083192_20250828155052_500.jpg/melon/resize/120/quality/80/optimize
99,CRASH,ALLDAY PROJECT,CRASH,"5,224",↓ 7,https://cdnimg.melon.co.kr/cm2/album/images/145/75/403/14575403_20260922162806_500.jpg/melon/resize/120/quality/80/optimize
100,REBEL HEART,IVE (아이브),IVE EMPATHY,"122,858",-,https://cdnimg.melon.co.kr/cm2/album/images/116/89/783/11689783_20250203110601_500.jpg/melon/resize/120/quality/80/optimize
