name,age,gender,score,email
홍길동,20.0,남,85.0,hong@example.com
김철수,21.0,남,90.0,kim@example.com
박민수,23.0,남,70.0,park@example.com
최지훈,24.0,남,88.0,choi@example.com
김민지,22.0,여,92.0,minji@example.com
이수진,21.0,여,76.0,sujin@example.com
박지성,25.0,남,81.0,jisung@example.com
정우성,26.0,남,95.0,woosung@example.com
강동원,27.0,남,100.0,dongwon@example.com
김태희,21.0,여,89.0,taehee@example.com
전지현,23.0,여,91.0,jihyun@example.com
손흥민,24.0,남,84.0,heungmin@example.com
황희찬,25.0,남,78.0,heechan@example.com
박보검,22.0,남,73.0,bogum@example.com
아이유,21.0,여,87.0,iu@example.com
유재석,30.0,남,65.0,jaesuk@example.com
강호동,31.0,남,68.0,hodong@example.com
신동엽,29.0,남,77.0,dongyeop@example.com
이효리,28.0,여,93.0,hyori@example.com
김종국,27.0,남,82.0,jongkook@example.com
하정우,26.0,남,79.0,jungwoo@example.com
김혜수,25.0,여,90.0,hysoo@example.com
김지원,23.0,여,91.0,jiwon@example.com
박서준,22.0,남,83.0,seojun@example.com
한소희,21.0,여,77.0,sohee@example.com
남주혁,25.0,남,94.0,joohyuk@example.com
수지,24.0,여,86.0,suzy@example.com
공유,28.0,남,72.0,gongyoo@example.com
김고은,23.0,여,89.0,goeun@example.com
현빈,29.0,남,98.0,hyunbin@example.com
손예진,27.0,여,92.0,yejin@example.com
조정석,26.0,남,81.0,jungsuk@example.com
최우식,24.0,남,75.0,woosik@example.com
한지민,22.0,여,88.0,jimin@example.com
마동석,30.0,남,69.0,dongseok@example.com
김우빈,27.0,남,95.0,woobin@example.com
신민아,26.0,여,84.0,minah@example.com
이성민,25.0,남,79.0,sungmin@example.com
임시완,23.0,남,90.0,siwan@example.com
